"","DepMap_ID","age","sex","primary_disease","primary_or_metastasis","lineage","PC1","PC2","PC3","PC4","PC5","PC6","PC7","PC8","PC9","PC10","PC11","PC12","PC13","PC14","PC15","PC16","PC17","PC18","PC19","PC20","PC21","PC22","PC23","PC24","PC25","PC26","PC27","PC28","PC29","PC30","PC31","PC32","PC33","PC34","PC35","PC36","PC37","PC38","PC39","PC40","PC41","PC42","PC43","PC44","PC45","PC46","PC47","PC48","PC49","PC50","PC51","PC52","PC53","PC54","PC55","PC56","PC57","PC58","PC59","PC60","PC61"
"1","ACH-000017","43","Female","Breast Cancer","Metastasis","breast",-2.68121521186458,-7.33381941991681,5.0440851516359,-4.73197824289877,3.55446062109448,-4.87068614670892,9.30018137709008,-2.5950015139953,1.55833683218839,-8.70120628609985,0.614457144252869,-3.12593058596141,1.76977268112153,-6.26134907658596,7.19808612016037,-2.20609681863519,-0.793717773251359,2.05993533030508,3.23279863557157,2.68765058168754,-2.07533133889634,-0.937035241331972,-0.41807459883109,2.40434854915775,1.16516745080337,-2.03797799804675,-1.11355752628608,0.994156643802033,0.461903116036067,0.735580671148035,0.470390763916505,1.27803153760172,1.42760369006606,-0.390362116815366,-1.68762755413137,-0.165822521366119,-0.989907211761525,-0.100193549184732,2.73196875184108,2.11273241825353,-1.77141963735041,-0.779226091737307,-0.815948792060576,-0.217528442199667,-0.293187935830958,-0.482220666114694,1.38849717657699,1.41978517271454,0.294771882439675,-1.17913997480304,-0.870446280243591,-0.941192379923369,-1.43697164759539,1.13247923514759,0.533659792750747,-0.592819146432825,-0.238798278934153,1.45712918862161,-4.52210479507377,7.16255201376055,5.55111512312578e-15
"2","ACH-000019","69","Female","Breast Cancer","Metastasis","breast",0.893792199191797,-7.1677583673536,-0.417441173581113,-4.47775141949942,-1.27672362792076,-3.58454759547916,-1.73625015960528,0.943313574625561,7.68160317288912,1.18409696775673,4.2492875824988,0.90145550025317,3.88012975217086,-0.456173199448614,-2.48147212080684,-0.483886187067913,-10.201674793248,-2.24437412105371,-1.0677183183507,-0.00438495199407418,3.16992002407002,-0.519989158833611,-0.0362942061762489,0.369332407750553,-5.32069647415056,-1.30107927559308,6.54833525732935,1.70127353537325,-2.08440378309866,-2.68019679893951,1.18981643360293,-1.6307648458142,-2.74484368477703,3.70881876115774,-0.825883365850491,0.0187948093640329,-1.66944800511728,-4.70312180442448,-1.4741646753534,-0.0289191967071301,-2.33022707371906,-1.18800778422201,2.07103748231278,0.642713487789197,0.284838840999354,0.315338907543838,-0.0693970853336863,-1.43662073488736,0.109363631654445,0.209678640979073,-0.200806884660485,0.919584918068567,0.688559754580546,0.796610059202129,0.352926397396319,-1.67421019941885,1.41582774171941,-1.10225913326003,-6.62002342641485,-3.47199662864188,5.12090370108353e-15
"3","ACH-000028","69","Female","Breast Cancer","Metastasis","breast",3.3485856580018,-7.84805284153577,-0.015181133561014,-2.06096202755777,-2.65273571137123,-1.15729554595899,-0.233047400221071,0.401446315095721,6.30716289587912,1.46405855517033,4.3326508361548,-0.401985455521313,3.56531650917299,-1.08004814309906,-5.16658821287487,1.74837459326436,-7.38525552317246,0.677172680448191,-1.43227796326927,-0.0739375353777637,0.908524076871495,-0.769316073726075,-2.12528163421457,1.50018351958656,-2.90923736218273,-1.91551027732145,5.54128101853015,0.887838942561785,-2.77542204828434,-4.08101833349147,1.89712473144914,-0.780384372733681,-3.47311472274265,3.84136908214642,-0.399019888061676,2.15168295398983,0.254090691892737,-3.19913747389051,-0.807244668738955,0.421562475661207,-2.3141110108294,-0.789365548482089,-2.12482240170364,-2.53033381284244,0.458709802811365,1.68195090446909,1.0433113924155,-0.581486105158387,-0.221492148298377,-0.601930178928887,1.59116478728529,-1.0771971680974,1.30659234816222,0.757651487307811,0.46018497553338,-0.942593821412871,-0.365690244623194,-1.84037327925732,6.86257500028996,4.44659782681511,3.99680288865056e-15
"4","ACH-000044","47","Female","Breast Cancer","Metastasis","breast",7.17375469172925,-13.7924130079813,-15.5247579761086,1.46726012001622,-8.88893823422371,2.41332114299323,-13.9913231043002,-2.69286551041705,-2.94308034981966,1.06577321731978,2.28484849331163,-3.76422041716663,1.80839037401327,1.83442538686477,8.29620920147574,-5.08630318460538,4.56793046131459,-3.32301386984267,3.88709458625813,5.56421261631375,-6.72491133246616,4.58430325728835,0.0461848003287697,1.42334690327911,-1.9954835664707,-4.15222091532405,1.28684728739684,-3.6519521929158,-2.09682055901743,0.69459626499996,-4.87814777782859,3.89571337626221,0.355703763344309,1.35372240677295,-1.9911350595539,2.22836536807529,1.602035856284,-4.59860568521671,-5.62222490327481,-1.11261149167539,0.430721128317886,-1.77812288222195,0.930996926168731,0.997243848146774,2.25227399265924,0.759056407198078,0.561508251788071,0.491627725853553,0.759401733593367,0.645408146839598,-1.87476449725196,-0.615388632881009,0.297350865506661,-1.14940386688082,-0.963244704464084,-0.163285127388452,-0.304321360409664,1.43649606173169,0.237641352690789,0.337037468632637,4.9960036108132e-15
"5","ACH-000097","63","Female","Breast Cancer","Metastasis","breast",8.18717344391173,-10.9715486704021,-2.80368491306392,0.545585185237618,-1.28810297960767,1.47549520197295,-8.8668814051298,-1.36182478358836,-1.55982093953753,-1.73349391600483,-5.9871629530915,-8.4237848288688,-3.01547558133255,2.1267799475172,0.152000697803779,0.641781517931086,1.18713714842241,-0.739161048151066,-0.187333303189323,-1.94482897830236,2.30364764679565,0.772257835465632,-5.84491146833155,5.10559943738476,4.53112125466004,-0.679976842554716,-2.93960336861696,5.84151172617417,-5.35405324231763,0.108152408644422,5.47269030363685,0.0237554272979813,0.381898886493366,2.97080045445301,3.61574063922282,-0.79279129033037,3.82397407617122,-0.709305226378812,1.68107809990084,2.59713695112338,-5.8882193284865,8.01615080673765,-1.73568445979046,-1.86550880967544,-0.936093057388168,-2.56297518429338,-2.5792170021695,1.3898801580211,1.52999626281758,2.29694188843189,0.247331617317113,0.172549849866323,-2.37121705264071,-0.70357281694772,0.14197657382827,-1.30368679458844,-0.987827733461319,-0.348702779162845,-0.484658726335303,-0.822674458094238,3.3584246494911e-15
"6","ACH-000111","41","Female","Breast Cancer","Primary","breast",10.2270223588142,4.00908327479958,0.687566939013756,11.1368769199295,5.1343646925183,12.8805062089442,6.67692006964089,0.807560300342088,-11.4942265094964,1.70349622585723,10.3465215884581,-4.0064066473602,-9.40009925405001,-8.65230925613801,-0.107358933442734,-6.65423008125866,-2.07985267370636,0.493161940103738,-2.13643387580676,-8.97240844161547,0.161131366760745,-2.94819812567779,1.83714793649701,-1.33762376452445,-4.66559435136105,0.397361575309792,0.0400596514652604,1.20177147628795,-0.363383510835329,-1.0578212063939,-2.37560704233769,-0.320266649648126,4.24892649708944,0.563719665701441,-0.103927508633891,1.4416327023691,3.95458136450423,-3.80249095237645,-1.40219635406178,0.989777217028848,-0.354816649394739,0.151642045835119,-0.116531769201706,-0.715195315218653,1.48048185805342,0.134296657766934,-0.332407007204264,1.12948176836673,0.376130132419663,-0.0517619785234695,1.95663747670391,1.6075098122022,-0.0709413208739726,0.648225026720269,0.414148083451761,-1.65973136471993,-0.129011857307124,-0.0782440596531291,-0.296672696392398,0.0371349126600289,8.38218383591993e-15
"7","ACH-000117","46","Female","Breast Cancer","Metastasis","breast",0.704858650304445,-8.87361603988244,3.21273334298266,-1.82081244529917,-2.29747045143857,-0.73983381452146,2.10574898768962,1.46019130452207,2.78264280636312,-3.71972763010935,-0.138234143490812,1.24190444346834,2.57788427420288,-0.252868261364369,1.4266329514311,1.25121674149637,2.96923548713745,4.3033400471195,4.76803435660935,-2.19398107520647,3.32900413082344,-3.3865377838493,-1.18851973352751,-3.07132163354437,-4.30635430898318,-0.825686829079948,1.82354853565317,0.819607972386747,-4.14798429542283,-3.24245274862658,-2.59112317318317,2.98883470151087,-4.20374452167431,-4.10171433194452,-1.45654597897413,-2.135247969974,4.75000230465124,4.06754324607323,-4.02218084837551,1.25718004936897,2.63485975357707,1.84839355591664,-2.30289190085568,-2.71043244876959,1.76699635542252,-3.14670638787293,-3.40774590795157,0.416776831071972,-5.87832743563252,3.24640386767393,0.744092673817831,6.22694520256002,2.81669443633186,-0.812554391600641,-0.879698004360455,3.92952086892943,0.217856639559951,1.20782409480435,-0.401208551264565,0.21014950504609,5.9535709695524e-15
"8","ACH-000147","54","Female","Breast Cancer","Metastasis","breast",3.01611672808984,-9.18854467707699,0.0967608769605905,-0.660120335821067,-4.46019341907575,3.29292536239827,-2.10282137996206,4.62837317706157,5.08376717071064,1.42796786189286,-1.91178699322591,2.84737775734827,3.97677899115532,-1.80100002546555,-2.80909858964594,-0.125350880399189,-0.402278738123443,3.01325396109187,-2.14578674492948,-3.08610797954851,2.00948543719655,0.587012781828462,1.76800645052196,-0.0534551684089377,4.56753124119978,1.48145461273348,0.545680884513854,1.39216882704317,0.174719124968741,2.22850915739772,1.51925966526519,0.798966618001945,6.92153459796792,-6.34050015421235,1.38409813676102,-2.89271613491326,-2.19129620226889,-1.56674116663533,-2.33930023149311,4.87317348096049,-1.07613005951686,-1.52660910810832,3.03274451488609,-0.758207703102908,7.56945155180237,-3.4203148033389,1.58970859674019,-5.76778648921296,3.66581394016025,0.972044056077636,0.421905829599922,-0.854303480799051,2.63941519000212,-1.07833445148451,2.90256808134169,-0.690420567057061,-0.824066559642422,4.09588115113485,0.532486724343791,0.297567081041062,4.73579508941668e-15
"9","ACH-000148","74","Female","Breast Cancer","Primary","breast",6.747062610384,20.1079772738256,-2.17909501768159,-8.20515024966948,-14.1138936671162,1.82021077314899,9.64748838062857,7.19227083991124,-9.30980468185827,-0.345519134927746,-4.96052174724281,6.11911012239211,2.0826221581275,7.78603956025438,3.46365335840227,-2.49903697316394,-3.94211754836842,-9.65211429774227,2.77006103693762,-3.0109649422437,-6.99225160916466,-3.02975815268389,-2.44769517188444,4.87730106877336,-0.186374764994831,1.51616711238862,5.46764265852056,0.937789488129841,-0.889025769910451,-2.10322639438068,1.12265112439397,-1.08895543809219,1.56139057584774,-3.65080181738266,-2.58619071548448,2.68397062960508,0.326626681750133,2.20052676217736,1.51488459363343,2.40895151814223,-1.01658117303428,0.539755300885339,0.224311463975123,-0.00382028195541628,-0.786963692121294,0.451541225539907,-2.02954468039806,-0.597248750407855,0.923368263631099,1.46406526134623,-0.630457349261153,0.695732551297817,0.245855015734267,-0.439986313072919,0.124793312898899,-0.911033177118948,-0.355846649939802,-0.310411770986779,0.205857987499151,0.173295550631948,8.75688410673092e-15
"10","ACH-000196","44","Female","Breast Cancer","Primary","breast",1.10411431788293,1.97571747403687,-5.21341415918527,6.08256942959289,10.8782972468169,9.35688703265136,-1.91528722278282,-4.0335998487685,8.58724636375697,-1.74209298805014,-1.57757630843976,-0.772254190289041,-2.39951079117939,3.54227015832637,2.61348494132715,0.473286195038008,-0.469701248699567,-0.619134169844099,2.64738962393839,-0.554189073509529,-9.89254370322681,-2.58633921956784,1.1904140446663,-0.0235013202028483,-0.400838909412469,7.37162809241431,1.25554048034221,5.21965094791721,-1.5485768149294,1.57885468054677,-0.585262050829287,1.30953740944377,-7.18681188881026,0.0543721301938213,2.12234592831623,-3.09143632965653,0.384277448081777,0.893840560608108,0.446961509403906,6.24304243201622,1.75125582018094,-4.10811475995018,2.60320485351882,2.95620245014466,-0.975625606259099,-3.53894117992133,-0.601377272533771,0.453163924304909,2.04882121958574,-3.12875204932297,1.36365634987634,-0.340359913644102,0.33568714490939,2.43570504164002,0.0890623951632256,0.739705834036162,-0.491653275088949,-2.12212859867647,0.479014709641282,-0.214594558109575,7.72992780895265e-15
"11","ACH-000212","43","Female","Breast Cancer","Metastasis","breast",4.86351995826352,12.4926929451938,0.197477575049321,-5.83973099023772,-5.95827318450486,-3.74984424794143,-4.5205945887651,3.00966679840073,0.592878072587706,6.97901346614488,0.510168432986675,2.40263081510788,-1.33882016624176,-5.88375715657061,6.2853262526925,1.19266911817142,-4.35551835261327,1.39253880633017,-0.751259665970899,1.38087767764197,0.0272346264930417,-0.0371369340043307,-0.375891051101524,2.51667488915014,-1.20195539891643,-3.72323924900629,-4.07522868731454,-2.92529075481537,-4.1456986284245,2.22668660420018,3.77428313364056,4.41735822188308,1.76971656195158,-1.69261643430986,8.25379887016228,-2.02256265333599,3.75270394017151,0.769914115144195,2.34235951460759,-0.595382061343948,2.5374744709337,-1.97599272039537,-4.86920712830645,4.51744493459369,-2.31475694074865,1.43664347883266,2.37194249265725,-0.0380362413165676,1.50804446370894,-0.878765858634791,2.39972915570764,2.1576214836914,4.2749597115343,3.95533762948844,1.61766689917735,0.457459718292503,1.21331929233393,-0.747996051590494,-0.0795989688419089,-0.438891948066246,4.02108901731424e-15
"12","ACH-000223","24","Female","Breast Cancer","Primary","breast",9.73267324615979,5.06081060806912,10.012859965916,3.76317863695427,-0.748508345661618,-1.62368632705525,-6.17127416587095,-3.32017948665451,4.27573052795932,2.32747905147578,-0.199396523764214,1.69642886061849,1.72434944187063,2.46419604228216,-1.51158786538268,0.706361646861118,1.88074241555378,-0.318507569616184,1.61265437380196,-0.557571210983662,0.100974316577936,1.86858589129982,1.55171521963074,0.629922505300656,-4.56521878752389,-2.39927250096838,0.519608571712705,2.39079420082003,3.01778656633814,-0.70466885370749,0.334015441754619,0.379210224853636,4.80647838534588,-5.02838112696811,-0.12370635294444,-1.77341517520859,-1.23186524487288,-0.289027844006307,-1.36128495940949,2.30540461864929,1.65605103756568,-0.496354724901788,-2.25552732847256,0.754577115491242,-1.96957493815152,-2.96795334052385,2.36143657142988,-0.128111004355492,-2.43869869949747,1.98694353062673,-0.896642856339324,1.47749219691443,-6.09210284480939,3.55855449924186,-7.07519982899805,-6.54121326850796,2.08677733134269,-0.7205664956039,0.888363677648286,0.174628760797755,1.54321000422897e-14
"13","ACH-000248","43","Female","Breast Cancer","Metastasis","breast",6.3412122379912,-7.11262876056595,6.92082457538052,-5.12852336251498,5.26888624087493,-6.71275913551084,9.96824471864431,-3.89387823926095,-0.318865414330763,-11.7796454513516,-2.19520565861439,-5.52390431669476,3.04860205524809,-7.26192549579241,6.83420779459994,-2.99471201049645,-1.47001780873908,1.35317399691939,2.49722915881058,2.31454208787589,-2.30612374310514,0.509730513675667,-2.30101399970641,0.921077330638424,-0.562169101625414,-0.808805602455497,0.298053535414007,-0.485565615560005,1.47672805848429,3.54179316163041,1.03215743242537,1.97484713256401,0.649710302162427,-1.58713618825911,-0.336379620884312,2.07526710652325,-1.90892261309823,0.177979510959676,-0.129477579128447,0.715869945973397,-2.05643513805766,-0.928675949612159,0.0593076483067576,-2.9705401204508,2.25897807079305,1.43236023918464,0.685486134753251,0.398635998312822,-0.446162386460138,-2.19929259364524,-0.39643893043801,0.75741554685097,0.355881533859275,0.577540611243641,0.486279188433042,-1.77847424238458,0.85051404708002,-1.207100915472,3.59168322550475,-5.85878681646745,-1.52655665885959e-16
"14","ACH-000258","62","Female","Breast Cancer","Metastasis","breast",4.61376247112607,-1.41276716550789,-18.7056342895034,29.2032896191944,-0.59944391899428,-25.0688196697045,4.93081252887864,0.62024966902414,-1.66639319696439,-1.57960122129311,0.223074811133043,3.68919544593411,0.72103662465219,1.65124312489904,-0.250015026762642,0.548392419223298,-0.829961458155413,0.188748770459909,-2.29987308872059,-2.08430733219632,-0.465355059764823,-0.590784554434437,1.11090927021616,0.895696174791677,-0.329142493136025,0.413631476525964,-0.379272254102711,1.10559699262243,-0.940203838574809,-0.268798525921535,1.23991785481558,0.398134705847636,0.622464666937616,-0.743670888038413,-0.537009494579786,-0.545815289854377,0.232679626319578,0.870143592489891,0.628782011423783,-0.228555431405869,0.165935795912464,-0.120883547571963,0.308900360423365,0.0266566968261106,-0.134428109903099,-0.273686710490134,-0.405136168448649,0.290842376923254,0.235677470231284,-0.282117099715019,0.64121962723826,0.161394741271723,-0.0991101699986301,0.438951332900031,0.483093713691053,0.0140471281377602,-0.0119443602164241,0.622216832671413,0.104350327257046,-0.0505452438522878,6.21724893790088e-15
"15","ACH-000276","50","Female","Breast Cancer","Primary","breast",17.3592358974032,6.53894053169626,3.20163565983842,6.51364617887168,-0.281162573884576,4.22293102461996,-5.76382328310547,2.37386212981575,-1.56112483151589,-3.53959955830558,1.76151360785744,0.574546970852705,3.36447315349734,0.647096931923494,-5.86076715032107,-3.59577824166558,-7.82254075898306,2.68279957362676,1.35526940376999,4.61417674048425,-5.1872418909296,-9.73767158636771,-1.08485220903762,-4.40279552865391,6.00420721142047,-0.11283169490266,-1.39597742910849,-6.12035612159638,-3.05797642556094,-0.264029794368277,-3.23985206258955,3.42168159297546,1.32188276872333,3.39080230351657,2.29815309238799,-3.00604452400405,-1.49139503946273,2.57673692887935,4.13406583803831,-0.740707043669352,-1.6660238079819,-0.961768566151329,1.93441292102667,-3.07206454332819,-1.09735498156048,-0.415675481926892,2.56296492814719,1.88079617785505,-3.41261543866684,4.42658710363396,-1.35126454568272,-1.78533987049124,-0.653351251802064,-0.122343360956099,-0.566744373028309,-0.694727172885521,-0.0780373121983372,2.00335757898021,-0.05845342542764,-0.720722411385469,6.43929354282591e-15
"16","ACH-000277","42","Female","Breast Cancer","Primary","breast",5.03344609104275,-11.7049258873548,1.47136912704202,-4.11504765367379,-2.09038882789408,-2.36911038094134,0.543064138249246,6.52042858672427,1.35543443735017,0.734952042608369,-3.08699615612735,0.00137397807078005,-2.7819321585742,1.31232701668088,-2.01551027241213,6.80040312348546,6.45227735231967,-8.56738129487823,-1.83339391790969,1.78009157897429,1.14324716335507,-4.4202038333269,0.956352560364767,-3.31927149637158,-4.35826179878028,-0.568574252074575,-5.45941365365975,1.80581695432849,2.59191793443305,-0.90863730713142,-0.427256690554461,0.353478603101896,0.129108073667585,-0.203868342609567,-2.07597180262274,-3.28710027947238,1.8239108070891,-6.84207663041366,6.54972294912607,1.93989098594965,-0.00230076129543942,-5.83775725499923,-0.629114869880274,-4.63905990833281,1.15168067380793,2.5868238707962,0.904084234092372,4.854153410487,2.03685502164944,1.3839861788992,-0.449327415579614,1.45720752491282,0.651801543390325,0.349974406350043,-0.399472289202713,0.848616586117607,-2.56724455771123,0.539616834324946,0.0793663588783941,-0.690295237273635,3.49720252756924e-15
"17","ACH-000288","72","Female","Breast Cancer","Primary","breast",9.67488649011223,14.2534795228075,-4.75853004027694,-6.85653823594621,-1.75377531220318,0.688930568230454,4.66260064097834,0.903577467365272,0.582667719868528,0.346442779604187,3.47465343577541,2.76658135093019,-5.98578037568601,1.56743625300061,3.15261808561621,2.00630324430951,-2.4303076226915,2.24598470901447,-3.93085588431858,-0.0528577189502054,6.03572021445783,0.313266390865406,4.71263997726624,4.03641940474971,5.33648898649947,-5.42440084910756,-2.97901527742797,3.79935999055425,-3.36623197864426,-3.37565046646164,-0.403732353218751,4.47966998052787,-1.78754003216583,-0.54695936102978,1.74424991025008,0.198111459069599,-0.402971870558566,-0.677284022497152,-2.02266416149382,-0.442160702968985,0.886065046195441,-3.8125367515115,2.66401657362774,-2.94727045961533,2.21808748002418,-1.17273575619966,-4.59082300283789,0.933586605513915,-2.42217748355608,-3.45788497177048,-3.84156172679548,-5.18723241954282,-3.32066879816287,0.889568323399184,-3.17969368416645,2.34287807618682,0.33528409890944,0.604160888664335,0.409049600192628,-0.692049801650962,9.56179579958416e-15
"18","ACH-000330","50","Female","Breast Cancer","Metastasis","breast",1.05438407913085,-7.88067841536813,0.0526947325500128,1.36895268533146,-0.888773717617638,2.56190341759836,2.31991415885899,1.68529239935294,5.07512229355325,-1.58084573268788,-5.43826045513678,-0.756965004300656,-2.42940018573983,1.15224560728339,2.60225818727122,-2.74246646905393,1.98386495604585,4.3373144282716,0.788292578503604,-5.22153595061669,-2.06735744444144,-1.95633593384446,7.80382060011801,-0.779375086641671,0.886616923678283,-2.61104932431327,1.29395416094489,-5.67625608745414,-6.36810171005042,0.696180680754762,-0.209358541581951,-7.25229434375877,-2.92548442441718,-5.05920097585611,-0.163652225267005,-2.75096675059958,-1.39269186131128,-3.78931412310443,4.10643648566788,-3.05541381357846,0.405848845724069,4.82678196644841,-0.419402170817571,1.17493443626882,-0.748441890952145,3.83394403845236,-0.634102730852489,-1.35830516726424,-0.011827175985842,-2.10344495233912,-0.59972174913889,-2.23395749569938,3.12057439659045,-1.08906377192753,-5.14166477186809,-1.71551471051215,-2.17411794148202,-0.420809206358156,-0.0525596321547383,-0.180044275512453,7.99360577730113e-15
"19","ACH-000349","32","Female","Breast Cancer","Primary","breast",10.0504373152721,-10.8592113319907,-5.36337128715839,-2.24756777207513,-2.59044993251207,1.63045354440517,-8.1369424763491,3.33010716316966,-1.85985169803571,1.08001141449098,3.4960940428827,-1.91008401040676,0.343660980225323,-1.41471031371686,6.467559793093,-5.27489392875903,-5.53068477750494,-2.9020960202805,-3.93249167097016,3.02864537945588,1.94123524389093,2.67815688765733,0.184116821990825,-2.91644957609479,0.509535422759374,8.33202433000537,-7.18962009759944,-0.806050636854339,3.75121212417091,-9.26723099949072,1.92381438573236,-1.9185487805262,0.69226053478334,-3.38418930341393,-2.71672359123898,-2.16788391745692,-6.06611101632349,2.8968020152512,-0.160212613079927,0.404270880012731,-0.407735040268269,1.83719255071418,-1.54964851159108,-2.44758499624116,-2.89955466710464,-0.634000076192297,-0.741827822351657,-0.233665389233715,-1.53968117681896,-4.14809023435736,2.10689142041531,0.940431086937126,1.36773907232618,-0.295696232864096,-0.931671060412249,0.64438175609178,0.10676368697359,-0.330778853516485,0.162041439964835,0.109176484725992,7.30665528081431e-15
"20","ACH-000352","49","Female","Breast Cancer","Metastasis","breast",10.7327094728375,-9.82443872018221,0.949861178804935,0.673154449017339,-1.50431240692764,1.29630522210476,-2.71299683294571,1.64898761672353,0.64217650735759,2.68022827298759,3.66028258768989,-5.34161932314301,5.29778147921987,-1.06823442857562,3.95246064745184,2.78326234918322,-6.20701469094917,-1.42911134481279,2.62330754847884,-8.25796903658511,-0.331197897736206,3.43316706974771,-0.376527961782868,-3.36687743936676,1.52946935421508,1.25798695090317,-0.626463651362189,1.64147325139088,2.53819698413753,6.18377706588163,6.80380599232288,-1.66517027781276,1.26934349291336,3.24803617604457,-2.95646779992826,0.121944505864367,2.97577950379698,2.99126668031996,2.18354324010088,1.10218876084062,5.79533128916066,-0.513079326281296,3.4836332216427,0.731285547422368,0.091798120957814,5.70612359290548,-0.179838260876291,-1.21105359268288,-0.896184033544817,2.43589532716691,-2.36513221471696,-0.760986636304435,-2.10607823996025,-0.4983989200341,-3.22275293578578,4.38856170631936,1.54757945426288,0.848377391736807,0.431500453704498,0.285825023658542,6.77236045021345e-15
"21","ACH-000374","52","Female","Breast Cancer","Primary","breast",13.874533568252,6.96774859230245,3.93601686319381,5.15841714348046,0.349821015416054,3.20055609437006,-6.48382371693685,-3.21881161615978,5.44768333451929,-3.53116035627083,-2.32674663960203,3.63793171595757,-3.89253975851384,6.18100154442347,-0.784921762569273,-7.08663009789305,0.745193619831158,-0.0253827767277004,-1.15031863512199,2.03324877890673,1.84089296517585,-1.47123550767173,5.59571718604628,0.779511166682147,0.422132698646148,4.20169133774919,4.56182309985068,3.46074994917364,7.57185308347542,4.66739269597001,3.64604196069151,6.38964993308168,-0.0223466370254749,-0.413869899221316,1.87070582968725,3.75330940572421,2.48711218733848,-0.636769502363728,1.93249270673193,-5.27275559518535,-2.24319513535935,0.102969952268648,-4.6942123421952,-3.84933509887742,1.57113107203018,3.54865730462972,-0.90890094472938,-1.96459998449964,-0.949323603312896,-1.5125631506204,-0.0980528917122548,1.38625687080508,2.05638086969823,-2.11605994006506,-0.355537073145948,0.853379053823468,0.906641943827514,-0.290292892074742,-1.07408885001641,0.929398983126876,7.38298311375729e-15
"22","ACH-000536","74","Female","Breast Cancer","Primary","breast",11.1526021646868,2.74993881582329,8.9336065557332,-0.922241810748893,4.363303583342,-4.85908105898778,-3.2011787978194,-4.42759966714425,1.04036708140017,1.36651849112428,4.19104070924871,-2.01734936838992,-1.57109388510701,4.1854482940556,-3.10918092547177,7.57526470707834,-1.23604852324557,-3.01245797772229,7.18233575078354,-5.96771906021213,-4.94342086959082,2.00162412845409,-0.123887497083065,-0.714061219074023,-3.41175004117853,-4.60229541436416,-1.93675465511027,-4.97606192429475,1.12743787980947,-0.599333140093002,-1.70367004136125,1.51730082227884,1.16745048541055,-2.10906878933551,2.48546573383776,3.58730112613684,-1.18233393924661,-0.988849825005122,1.1541011482511,1.17634389788117,-1.26358382356356,0.444230496589937,-0.784786790158057,-2.88538189825128,-3.42942551503739,-2.47064059985209,-1.76825199158073,-2.47735861820829,0.445788935530804,-4.08531921042098,5.62256032341967,-2.88172322923675,-1.21405395086833,-4.77798111072958,1.43607805248761,2.46466328806692,0.819890561341778,2.86541851233812,-0.664363519546594,-0.435113380361987,6.16173778666962e-15
"23","ACH-000554","57","Female","Breast Cancer","Primary","breast",1.37984665874684,-6.16529709471241,5.00411386191991,-2.46843646333017,3.85932042776084,-5.12444881533622,-1.53957301216635,-4.9454974425803,-2.7256671123325,-5.06848745839275,-5.70735499331745,-2.81777262473692,-4.1134859092158,-1.39916801402092,2.26874767967535,1.09020830823405,-5.14984148927021,-9.26223651109836,-4.44967407698324,-2.44183896160363,1.30682284445898,-1.54387657853747,5.25297366263898,5.47275551048567,4.18994517383472,-0.155646390532339,0.866373647796421,-2.47572852816859,5.57414689851651,0.19592936337557,-5.8698545740103,-5.76845571704348,-1.90536593427567,3.67533764616085,3.68795552381805,-4.12061611993499,1.25949171039856,-0.821358107866302,-3.54015635576168,-0.743631916368763,4.68302484964823,-0.762980604637902,-3.15813793663376,0.264847919358256,-0.543429326311387,-3.48545917184368,-0.42541585107627,-2.44063261975931,-0.738657884377447,3.83574063528637,-1.52382605196635,-0.205408113420372,1.34434491513102,-0.782030563919063,1.52271033968307,-0.0709322517903006,1.40826065085672,0.419548691960001,0.730006711091741,0.544110129885655,5.88418203051333e-15
"24","ACH-000568","43","Female","Breast Cancer","Primary","breast",-9.39814163196103,-10.2405964362859,-3.15983866466684,1.0105482234786,-9.85011872120146,7.03311754548693,0.451544550276722,-6.90798197858787,1.6738484752386,-3.60816621594252,-5.27099579172683,2.93353084588377,-2.31238673964837,2.67154284422177,3.6744320881886,2.11666152187106,0.944457723402957,6.73452784592722,-4.42036822656647,-6.2135450052815,3.67460312665935,0.430707224954589,-0.228481279449311,2.57797265057128,2.7759326692489,-0.065866422155594,4.52736816324439,0.0366116214270348,0.751418727978331,-4.78515279965831,-3.89179124063032,1.4194144646886,-0.163631625320414,0.989912201545645,-2.2550050728031,1.65522604531661,-2.25899005670201,0.717571215542911,3.43026633656169,1.25164216696495,-0.468386396152121,-1.8053741291723,-1.94444243971466,3.32113290666456,-1.98952980510153,2.64151458103496,5.64867876060083,3.93941641940372,1.06706879413035,0.617398909501687,3.39002822807936,0.903523507497039,-3.25341785060183,-0.45015863428336,1.62411964390422,2.10170525800579,3.26346055237501,3.29067493704804,0.333583192254578,-1.39099788808504,6.53990750443256e-15
"25","ACH-000573","43","Female","Breast Cancer","Metastasis","breast",9.71187270040399,13.7715658736512,-3.92384060459649,-3.04231729417664,0.328574080439463,-4.11654486067783,6.15829064998426,-10.371825851385,-2.38606554511253,3.81851587226341,-3.67104617533186,-11.0940427657527,-5.52963717219254,2.74880472077321,-2.38117206341866,-2.81062893904244,1.60928582717814,1.78604065858866,0.77947482486395,2.94921242297111,3.48666372594004,1.27520364523975,-1.14884693133511,-9.09288452372581,2.98501863768969,-0.980834300982414,4.34305799850799,-4.14886197839701,2.75989013541651,-4.0207130410931,6.46945884481485,0.192573902930747,-1.11382570239808,-2.84803033925372,1.91678603338346,0.0909294718014122,-1.15724704267285,-2.20510308420936,-1.87735881568432,2.72686830343732,-1.83755978894548,-3.45817549744021,2.53446982475449,2.68613868065471,-2.19242348864891,-0.254349748443948,-1.39122198154467,1.01322035640864,1.77014378557528,3.92141239989952,-0.843049221348427,1.04426500166412,2.59832329639499,-0.929141801229111,-1.16316896953764,0.630777339752058,0.773819131312097,0.190285072509099,0.150426469331572,0.704480249268191,3.44169137633799e-15
"26","ACH-000621","44","Female","Breast Cancer","Metastasis","breast",9.61318143751418,12.8645838493111,-11.6746934899201,-1.25201660680421,-9.68588813544142,8.58654188687057,4.02593605610458,-4.69327008051015,-1.28366065231728,-10.7198800191465,9.48059854925109,-8.48278732057442,10.032884014956,0.379277121045754,-4.00987869172306,9.1109347775004,3.49104062188162,-1.93136296342679,-8.35661697781262,4.32743417968138,0.278461031244833,1.67735974056412,4.15715932957667,-1.46889347757453,-0.697766915376665,0.488965100124046,1.00324262076079,0.29659733295103,-1.16295111609101,2.96062263631078,0.294836571579245,-1.66912278829606,-0.00282969182514411,-2.69477586393662,0.145184767585779,-0.51608036871118,2.24176881811048,0.656090745251037,2.54764060991427,-2.95512546597704,1.1391948140646,1.27989423285422,-0.945523162659399,0.269259357703012,-1.73462202178485,-2.63726121715517,0.371944094903188,-1.61999991979687,-0.0248021968671761,-1.10841353750223,0.699268546971048,0.910358510550745,-0.393300258633217,0.305100400374335,1.06415643831255,-0.653457304971713,0.0622440485277921,-0.215098387220329,-0.410238709657549,-0.100656762486145,5.60662627435704e-15
"27","ACH-000624","60","Female","Breast Cancer","Primary","breast",-13.8597354320558,8.77111392275601,8.55918091927992,10.2804010824433,-9.39247348594174,3.15591499814652,-2.06238640675098,0.198943076466969,1.43493836644325,-0.782938343796617,-1.44415787659048,1.33279618659806,3.2479656903878,-9.53958729113085,-2.29501631961396,-1.81616329856674,4.75234114801413,-6.6235896775401,-1.18184167857462,-1.76019152182642,0.554295146468975,0.917374538939186,-0.490022668531291,-2.60089391919637,1.26459638399266,-0.974038400178368,-3.79736174764435,4.339133956134,-4.12428678787902,3.11665436377418,0.426591264588823,-1.40078363110286,-3.06642586373557,0.649042413424028,1.47326539776354,3.04990654706698,-7.02685282636662,0.0288579420475705,-2.0342963392218,2.98131248479268,-2.81900826218976,-3.92968254110618,-4.07783198455967,4.28889158217345,-1.01326752716562,1.96026192363043,-2.10285984312152,0.381540153045755,-4.50874621579921,0.838997607723649,-1.25448604642804,-1.02024238165843,0.893713628553954,-4.54902740039072,0.367091890662019,0.246374461206964,0.242792578768145,-0.373801797961081,-0.18335093285877,0.118086808019258,9.17321774096536e-15
"28","ACH-000643","50","Female","Breast Cancer","Primary","breast",-11.5979058402503,9.45171698866762,9.36524802670264,8.30278132968089,-6.43553503215308,0.488863685093685,-4.5626519524614,1.31433418166127,-0.874482148709603,0.915170922330239,-1.22373428370112,-1.92130325962586,1.35603569660506,-3.72580368694327,0.824970823069351,-3.3267281908083,0.935484181512092,0.798019234919712,-0.602975095640848,6.17572384023074,-0.465102833919453,-1.35309504861944,-1.84388826134378,1.26298370786896,-2.64195400192036,-5.75506467501182,3.61986476795959,5.49714217730217,5.61172907510656,-0.53929914104692,-2.79077345601849,-3.27786071280827,-0.67512930503634,-4.76617198460446,2.5394388113563,-1.47077919287102,-1.44880324126445,-1.94943482198736,-0.147602068413753,0.214945303896743,1.39939534891422,5.53234067873615,5.19829881616693,-1.75795139276357,-1.34891428466427,1.56055110522214,0.776399320251203,0.850524351815598,0.439408764202178,1.30702742172536,2.31772310044939,-3.48476473716003,-0.249691255863154,3.62290620246523,1.6516538611063,6.18720333711897,-0.810635317491196,-1.65880399075639,0.0869866107407943,-0.194276347018518,4.55191440096314e-15
"29","ACH-000668","49","Female","Breast Cancer","Primary","breast",11.7072800258465,4.30565638500392,13.5701126358278,4.63466044466413,9.18296051200803,0.882992631707832,-3.58420150700209,3.56233032017537,-3.19709172837485,-4.0339166116148,3.58430573651154,3.3547376263118,-2.22211159622719,4.46913095159627,-0.95658688423587,-1.29733093766755,3.19425250807926,-3.45262298588023,0.169448020639328,1.22966779653674,2.22870378788826,5.29140497510161,-1.61024712172008,3.67077884397866,8.03561600905867,-2.79674571283029,1.19540742164183,-1.66115547849328,-3.08310573200785,0.336919805693295,6.13444335579755,-0.210568294058397,-1.61683457014509,-0.596034457818466,-9.29755119649836,-1.57948444972584,1.95085058442465,-3.14397437973012,-1.191961900725,-1.50441411378045,1.42010009455675,-1.58957944092153,1.93775935422626,2.2057165687824,-1.55163302472403,-1.88143514862404,3.6632728729583,0.560155707313602,-4.06120910982275,-1.04219889088747,3.03089066120575,0.567599469199679,2.13534309633129,1.91823059612116,2.57442718900296,0.0179724646984772,-1.54936666485867,0.239070088614537,0.0464457528336715,-0.428165984858663,1.12132525487141e-14
"30","ACH-000691","48","Female","Breast Cancer","Primary","breast",0.922198030539724,0.332059140156046,-2.85143197282657,6.11832616531653,10.607585450706,9.72682063342921,6.46934935385862,-1.12018247131173,4.91069790546089,6.36324963633446,-1.19908350535358,5.75194634129074,3.16600855515746,-0.0772712742382423,5.72121739033092,0.549108188382947,4.60236238906494,-5.05013528174209,-5.03326501758053,1.63771469037725,2.24695879925365,0.301351402476284,0.880514466193202,0.549079218040409,-2.75867334526002,-6.35646713922741,4.37166255867089,-5.32304491573248,-0.673749107231514,2.65934549845086,3.22620379177531,1.89898110358896,3.43895089508835,5.78727286555285,-0.322744741441966,-3.46355649887513,-5.35183719092149,4.19866749045238,-1.35370058412658,2.18930466489533,0.189801938272216,3.35265771997071,0.355266936486756,-4.49442700451828,-2.43366425401132,-1.03624140694022,-1.71204846415248,2.15078114017963,2.57297693656303,-0.561003833021795,-0.907827169419301,1.84912213443888,1.04060253737046,-0.724931831161585,0.1391988372148,0.496165352577974,0.585118058816099,0.249309326583196,0.265399402786854,0.143511666962963,4.21884749357559e-15
"31","ACH-000699","43","Female","Breast Cancer","Primary","breast",11.9962946222357,12.2283273019175,-1.41772523095353,-1.51947012127749,-2.21021334383485,-0.0473333994299587,4.80266312888172,-2.06950657278693,-0.250846269296484,0.470765515766472,2.06391951461856,-4.50326186675927,2.2637351800841,7.75986412286107,-5.90463444337659,-5.60565546641129,-0.494593809046246,2.24805824566187,9.18396048206769,2.45664534270798,2.01210388699707,1.49199295959876,1.74370536528237,1.74313150105476,-0.956290431100663,-1.98771831935062,-3.56932298601861,2.76970316619111,0.573697257102197,-0.50929784067199,-1.10410840814868,-2.38173836505234,1.72290912902639,6.20153619146709,-1.16245892768531,-4.45990822464245,-5.53215668732882,-0.193336077104678,1.42058679750017,0.317882990661964,4.65779886594409,2.11538710861894,-5.36534382977523,3.40628404513247,6.89992903836543,1.05512367118726,-1.74977295698226,2.14403043110101,1.44250559609552,-1.51528330515545,2.00631116912132,1.19595760776817,-0.130298191836696,0.756915527006678,1.23918010701981,0.735762712717675,-0.602241206459028,0.890794018932986,0.272516403079838,-0.477145235724187,4.78783679369599e-15
"32","ACH-000711","62","Female","Breast Cancer","Metastasis","breast",1.60761566713307,7.55142105516969,10.9733159697488,-1.37496201158369,-6.15430290338241,-4.12092737128636,3.26441398796506,-2.38775924493031,1.33288628808202,11.293176367695,-5.89199568405366,-0.480218613093511,7.26199379883657,-5.54001401607013,2.68446771240947,2.62676549762148,1.6863781816694,2.02498389412137,-3.34427970769251,-2.62892469658978,-7.77952245661962,1.21978211111957,7.94704931206333,-3.17160159565107,3.18050696165355,2.63950333270756,-2.11401526524422,-0.28658186146985,2.72987443929353,-2.90548385443806,-0.122715130379205,3.29487312849493,-1.61050716299308,4.92302742064268,-4.22221867277329,0.412528797020597,2.85179259832843,-1.8037845626424,-0.00230668858436134,-3.96506704749492,-3.56642716643263,3.22729245284669,1.7945222077179,1.53478181980381,3.22030657684817,-3.88781026027881,-2.15448336557578,2.17845161402827,-0.426784277356341,0.0940003706290623,1.97706948973221,0.269752586337827,-0.492994306348752,1.35072282054539,0.563347286003405,-0.487592869196221,0.468253721611594,-0.453534835663107,0.103913809900094,-0.164573963186651,8.57647286522933e-15
"33","ACH-000721","35","Female","Breast Cancer","Metastasis","breast",-1.64432951154708,9.59166097481052,-8.528523325214,-6.62447605266076,0.829534456095114,-2.66967344882237,1.27673553486041,0.0132181414147697,15.1279503373924,-0.331901319869424,0.035990944966996,0.427752097041767,-9.50961161069543,-3.35161601805566,-3.43668066823269,-3.8063603896765,-1.18695779533028,-4.94161216813778,-4.117745205396,-2.95805828189514,-4.20883045349614,6.27806032534023,-10.2271258754357,-6.06606437540757,2.35017171394157,-2.11508248566586,0.746795167802004,1.26379043561581,-0.209309203698332,2.1907447464796,-6.06259881615966,-0.936890024851728,3.70279908381172,-1.30394420221873,-3.54544125226631,-1.42944256823911,1.5277195397139,2.58022169603044,2.23595486873241,-4.11856888339124,-0.547399412880114,1.48665914257916,-0.881608203572094,0.516531570053698,1.54679616157032,-1.10922229240262,-0.593643192213614,0.729405510529495,-0.898818379794682,-0.0829761038116013,-0.197428015947801,-0.259505655366004,0.338892311414233,0.857783251812394,-0.10684515727412,0.43919387921385,0.606579746720228,-0.253155857650085,0.106893348481062,0.153537797036363,5.34294830600857e-15
"34","ACH-000725","82","Female","Breast Cancer","Primary","breast",3.69710909897559,-9.917570798046,2.18685477254203,0.819048037096318,-0.426606905988398,0.988991603972907,4.15347102374219,6.26323997390709,0.446140527433032,2.32516284294097,5.75097683649271,0.373411608517186,3.05804455475652,-0.193853881483588,-3.89982697814435,2.11172480580332,1.21705149709911,4.59273393408792,-1.47492795336259,1.76421208709221,-3.40497696659996,-5.97045496066567,-5.82372137955057,3.82975347161049,5.30392662672722,-0.595158849503229,0.226372556375858,-0.378682857190257,5.76979845912202,1.73298531993187,0.471083328202574,-3.05379256136953,-0.35305474396886,-1.22396964725522,-1.62057374735327,-1.32003406879823,2.86174038829918,1.79580207625148,-7.50538519841806,-1.61731719661322,-2.56056311773631,-2.2534673430564,-5.54780833319392,1.99261481556493,-1.77051857105189,-0.0347282371051408,-1.09765310860144,3.48951537689615,5.18735949374767,-1.42119016096057,0.865022198907666,-2.13067432862812,1.41017750899854,-1.44186006503776,-5.12649052184344,1.33660498816026,0.0218559155355514,0.160534521227702,-0.926171590374429,-0.974489685174808,4.24660306919122e-15
"35","ACH-000755","38","Female","Breast Cancer","Primary","breast",-13.0511834243248,-9.27793656742465,1.44056408957738,-3.66289814044105,1.26515451320586,0.060435793162414,5.72157699186295,2.61277410068329,4.6562967407875,0.655928717420928,-0.961258348741861,-1.67503221078038,-4.97048552829119,1.56922577095872,-1.14831021431686,-2.38751780980449,-1.57242863302818,-0.0432872287668043,-5.33016650586396,5.0069937707554,-2.68446982370374,-0.731417919745887,2.06561299744521,1.37475927850614,-6.81486814872735,2.12734486094462,-0.372753920630438,-1.75001421009606,0.458886381795221,0.731619185383273,4.01536797738581,0.814452212328949,0.245282085206915,0.411934927716154,1.38852023502049,0.874197785519746,0.869865298274853,2.5710481451473,-3.10921932691114,-1.50275277420502,0.188012748958179,0.169947356797441,-0.0158094059723977,4.58464055521938,-1.48968858614148,2.05901947402,-1.99423179849885,-1.19735410609522,-3.24464469180589,2.2180679980385,1.94872125926694,-1.2056713822065,-5.10572039105165,0.630649601113121,1.9122775767393,-0.283245881737747,-7.06678335427694,5.81856606219615,0.610693357954082,-0.758894336688408,6.60582699651968e-15
"36","ACH-000759","56","Female","Breast Cancer","Metastasis","breast",-1.33056829070806,-10.8781870167345,7.4920290024389,4.76488659228555,-5.63412121816651,1.8178941397024,1.23661631224434,-0.619093471572376,-4.98991323027131,-0.412454139016422,-8.9298701004534,-2.66464149202876,-3.08028196902305,2.07497890504586,-5.62782252686243,1.32663246409999,-1.77951697501115,5.27327865297786,-6.48850345817367,4.03650232521489,-2.30884157260201,4.24844004312852,-3.28484512073826,3.27710949984082,-4.59968534447457,-1.46109694113466,-0.654079866944328,-0.820239208775846,0.0962623286330966,-1.13979515652948,-0.707816139801828,-0.0005415023641272,4.2505273520518,4.3692710232846,-0.20822605519858,5.03481700772701,1.05472391267032,3.09719134312357,3.37551989187749,2.65616046978809,3.9341893037948,-2.18873949505792,2.19246320081177,0.652688354790056,1.53452564710652,-3.70526804116616,0.582607659794182,-1.11593625155226,-2.16223161758792,-3.29881732256249,-1.21814811210015,-0.184647366660466,4.93390227036901,-1.68482274827526,-3.79494612514226,0.603627518166548,-1.56286575174637,-2.50000137179011,-1.11547733758309,0.133345346235205,4.6074255521944e-15
"37","ACH-000768","51","Female","Breast Cancer","Metastasis","breast",7.79685967532579,13.9187925215685,3.31082651342025,-1.73318987385283,-6.82508753561697,-5.22688988411397,0.503998553598354,2.14892098521203,-0.787142762465369,4.19121626938283,5.72336381427231,2.57879119899769,-5.54453717807258,1.61714919953624,8.7672672102294,4.58869992728703,3.77719543283418,7.84244785308353,0.0971276282416888,3.28788378945471,2.4002060666142,1.81095382412247,-3.91680915539428,-1.1945129305612,-1.52627326597836,9.81265205364706,4.06609954320818,-3.16493728456185,-0.862208880671307,5.81806438321521,-2.198919931023,-4.39531857033954,0.625735825478605,4.11279185500177,-0.736410562590665,-1.49039293261674,-0.826906207750985,-3.96160799327734,0.592844526063339,4.10774211606864,-0.870767551119735,0.664993170630457,-3.17491401933424,-2.83815995736662,-0.136646548610333,-1.77467107067856,0.524091192327617,-1.56135903276421,-2.82804468384283,1.39496708958533,-0.646295251238185,-2.85382602662767,-0.829545673875208,-0.612713239508338,0.581809756736854,0.413098499569671,-0.786671994211911,-0.730653924601161,-0.153209858459437,-0.317883245496329,4.71844785465692e-15
"38","ACH-000783","51","Female","Breast Cancer","Metastasis","breast",9.2882037017654,-9.71111830345226,-3.81406550790385,-3.08499719226596,0.297529021356595,0.977461937485159,0.62016012833568,5.60495618168149,2.64826670449385,1.31107636587819,6.00842538834434,3.41369145556452,1.27220462811653,-0.413917317378609,0.752648707539376,-1.89216331436036,3.06834035883517,1.98904732380052,3.46290921673151,-2.05420796621471,1.98202218508016,3.70263271723807,0.138007217111126,1.38305321852238,-1.32585242096767,0.330137077422581,0.748328444692271,1.1888288439011,5.06230441791574,-0.409954849427751,1.67986500382191,-1.2894293321342,-3.54183401868486,-1.66313897116344,4.76087554019076,3.86628605823387,0.0425887015310299,2.35605964335917,3.53741250155314,-1.88952215567628,3.9917002294386,0.980476874133457,2.87381498318514,0.772016374442937,-0.216540317231252,-3.69859219504236,-0.771629946110047,7.71635382637135,-1.40146229102273,3.06794574347934,-0.852522850738262,-4.35337551258669,3.28403936421546,-2.59017084964547,3.23198602148722,-5.39894123423564,0.749220131017197,0.563093653546162,0.198799149464918,-0.160338978044261,7.21644966006352e-15
"39","ACH-000818","23","Female","Breast Cancer","Primary","breast",6.9140933712476,-13.9211423749887,-0.864172586130657,2.95203719581139,-4.46835924768387,3.44546332743302,0.981167325102253,3.61122439882141,-2.90597466885146,6.10932003806706,-3.03880711392059,-3.71449232137754,1.18158508093394,2.70099509186004,-1.4815288682865,-1.60248001888708,-0.969002482090125,4.39310677877736,0.553646492670759,-4.71335768938224,0.390247515540684,2.46056821652477,-2.19535473511612,0.797059509803828,1.7094059928616,-2.86191313776055,0.319761426405856,-4.64049512422114,1.95268358027815,3.33438490242889,-1.08525584787003,0.24057563765721,-3.08295060195715,-3.79172704415517,0.94337356422646,-2.05187696179847,-2.95805241810908,1.32962498726907,0.711322437866495,-3.76443046954001,-0.797655211784435,-5.15039709997544,-1.14539569591127,-2.1123067670691,-0.0613847896181512,-1.06997857959945,-1.94317041575905,-1.1894439819796,-0.531258352738153,-0.614936471214307,-1.67024732139048,3.00929943361072,-5.74352013615765,0.793376438543009,5.29854769256809,0.0221862720036549,-2.70915308764781,-6.48743171024035,-0.801467473945526,0.600327882529364,6.10622663543836e-15
"40","ACH-000828","47","Female","Breast Cancer","Metastasis","breast",-1.49990128764194,-12.2719738371842,2.81053455097997,-1.21537530647925,-1.49803654003438,1.08023489204847,2.25095213542362,5.72811629686366,-0.924232738735503,-1.52066720938937,-4.29474263140611,-1.28118281921221,-3.83191048444845,3.41762105443273,-3.52128887203056,-0.355533273832237,3.95769128473613,2.53827591342834,0.788710278498402,3.82537288525755,-2.22876955410434,-2.53953970140347,1.54219409182868,-0.820446434729721,-4.5738731654232,1.88392854873264,-2.22248523124096,1.27693170290552,-3.65031470652204,0.402814472120085,1.52704392110877,-1.44304721583047,4.45318645888857,0.636367454160074,-1.97509836545039,-3.61828479750975,1.28475359473953,-0.224383627215399,-2.35002076361932,-2.76288329257654,-0.556133564163737,-1.15757243610085,2.17298409059047,1.02241495243877,-3.20649252827325,1.96270601974509,-3.81375273969938,-1.45683265430719,-0.901208174656786,-0.945522393828142,-0.950014254521194,-2.66080578901288,-0.183028140186243,0.598963716876549,4.42493449731834,-0.635421587031414,9.69670971762078,-0.364547922254243,0.683410450837308,0.600949876044213,7.2927774930065e-15
"41","ACH-000849","51","Female","Breast Cancer","Metastasis","breast",10.0578470031,4.95585534963038,7.06572422517078,3.78799687843986,5.6256228828935,1.01870979769801,-2.09693876534938,-1.80067275316894,-1.89382205543858,-1.89435374376679,4.90757779530531,1.2343178538774,-2.15492179343327,3.49945429121735,3.86642730177196,5.65863500494018,3.5381474016483,-0.0177724906588392,0.836922734639625,-2.26272901431577,-2.80621772607699,1.76975782124865,-0.600432091797486,-1.04884551826152,-5.13128368235583,-2.08480706547534,-1.00249375755967,1.17222700694702,1.21069018683956,-7.66780191109095,1.25533998890125,-2.40273403436122,-1.08870564799133,0.571404635192182,1.72221678702571,-2.82652122376145,0.966293289224222,6.17073759298053,0.0827176769814082,-2.61020343963116,-6.43250670143252,0.0790017702220019,-1.00722253896573,2.72572996079203,4.36648012715333,1.91161968159284,5.06706702138562,-2.77027398040431,1.01948068063155,0.650373914537033,-7.25974455051439,-1.47778685160256,1.27804286433276,-0.0411725109372424,1.87544010037903,0.996728782877904,-0.992832159250575,-0.463611454696151,-0.0228409781209273,-0.342714806613854,9.90874049477952e-15
"42","ACH-000856","45","Female","Breast Cancer","Metastasis","breast",19.0044952510689,4.84043093513877,-7.98169807386321,2.29510378550798,-4.91363461379475,5.36724899303296,-3.68392072394062,-4.41262351061184,-1.27201926085545,-4.10981366048047,-7.29820444087833,9.01512855466073,-5.43338459322929,-15.2235687187244,-7.49539245481702,6.80252754303301,-1.94275053970596,-0.37710191938679,9.71530638588264,4.27921747531763,2.3187258612066,3.54201257327387,1.45789548685681,2.41471857502765,-0.945243247908061,3.10105697279843,1.6086183244236,-4.4454591018311,1.62776020337921,-1.36569937692346,2.66667172893573,-1.51497777164179,-0.804393748978022,-0.107242075248659,-2.40665862569155,-1.45257790547476,2.0359733502139,1.62156382905981,-1.15218518635851,-0.176101921669087,0.21711488644251,0.778552000437493,0.89058143103483,-0.500056934622474,0.617817924576005,1.31623834104243,-1.3930808827835,0.906423931819545,1.77516146963687,-1.24800812139786,-0.622724187837075,-0.17027946251368,-2.08812055542921,0.200003370518018,0.10013584765619,-0.10844415257715,-1.0156607965667,-0.0714723635062368,-0.339065708209913,-0.0558771029278929,8.04911692853238e-15
"43","ACH-000857","35","Female","Breast Cancer","Primary","breast",-14.6093567083998,9.28976600049842,11.9958600143146,3.78367998937444,-0.0571169287988977,-3.13567190103583,-3.28435847094836,2.38040548671653,0.75330601998335,1.09005802538454,3.17253831341918,0.669359670574388,-1.75397293020591,0.538925569316362,3.81057073251447,0.67462267717037,-2.39414987299428,0.378824820766486,-3.08936790086244,6.85629975186007,1.01509126600711,-0.80827896163948,-2.68027099720706,-1.26699680828733,2.55051917148171,-0.452137837826756,0.744417726419392,-0.13547884663289,-1.74583751480665,-1.00604962902985,-1.70887741613301,-2.6784364793313,-2.90718408575719,-1.05709304348108,1.85670645196076,-1.13027674004185,3.47324132008142,0.70092842788077,1.10922627832358,0.0229730485992541,2.91979477541105,0.649340453657503,4.58776253286114,1.0713441074623,3.09892775327749,2.73032089477086,-1.25266745230247,0.917101324640022,3.88135820994188,-3.57059210113083,0.13732697162727,6.14598320552006,-4.12358357091432,-7.47609701750072,0.34341948758568,-3.31023829165164,1.30771168562554,0.85211900731042,0.626202349516405,0.745184064900382,2.66453525910038e-15
"44","ACH-000859","61","Female","Breast Cancer","Primary","breast",15.4596539942758,2.95953339213268,8.38967359471253,-0.68366665565768,5.55808175720852,-2.15063620166323,-3.16184543192147,2.00266030404083,-1.56957169716105,-6.14478236543992,1.6972514785867,-0.332469509058427,-0.778788838402654,1.50353268479199,-0.548811451337741,6.36866811151338,2.42430147961938,1.02490821218653,-2.78057992754539,-2.63449826103506,-0.0107038084749441,4.36141435103151,-2.13055659326803,3.46526351461331,0.0893603440743333,5.7088301278835,-1.08215498840857,-1.1279036841685,-3.35126879116346,-0.236253278665951,-4.19073468220977,3.43916540127497,0.342179464359282,0.149005287242012,2.06337104051962,2.66404386483338,-6.85998779458585,0.909602775278986,-2.18464038715901,-3.81584539739427,0.435056502334839,-0.336178003643802,3.65935579577973,0.0105188820959684,0.917539412721011,5.01611579007724,-4.65639264344553,0.589006799708353,4.3040040558436,5.34236309845033,3.06182468923812,1.68767076083813,1.99234373285232,3.55945910888717,-2.24806806721359,-0.713896765938941,-0.576429046239139,-0.841405310578721,-0.539282819096262,1.18875208788927,2.66453525910038e-15
"45","ACH-000876","38","Female","Breast Cancer","Metastasis","breast",0.211144604235297,-6.33424995212557,5.96293091237944,-1.44233013186724,-4.12034614006868,-0.955392047333471,-1.10597596033016,0.462114656064978,-2.47503143536103,-8.02936712643791,-0.651432526266997,9.00638588062858,1.82039618974352,2.47058044160273,3.29834337418411,-6.48543284007472,-0.172612944454032,-0.0911304550837037,1.90483445238064,0.222376348353189,6.94657385978395,0.368005016638415,2.16510821638401,-11.1509804971239,-1.2759378222388,-2.25505028963312,-2.31928192402708,1.37548827665211,-1.97351933254076,1.03137549375568,-1.41247584357903,-1.20889062852733,-0.108256380903691,3.991736759415,-0.769505973570878,2.89944948349396,3.07668739779242,2.12913628502404,0.220911906623732,-1.21468601992325,-0.106309970112065,-1.5418014166561,-0.338940921043213,1.53918320042191,-3.02658411710105,-4.5309611757924,-1.16854447229396,-2.77066208371736,7.44510210180134,0.931828519324374,1.7448206446674,-2.43846849205268,-1.55942805212358,1.34007456069848,-0.619870651693326,0.293323258719063,-2.10035546954183,-1.65718156362593,0.76999185996618,-0.183676195641897,4.6074255521944e-15
"46","ACH-000902","58","Female","Breast Cancer","Metastasis","breast",5.02299055068809,-9.15110059523289,-2.87283036745275,0.00606979171297597,2.74117355687134,1.47508750981721,8.95507303134094,-0.43016701677781,-0.945294633319413,9.4709961671204,2.74275090849136,0.73533468426844,-0.20050554540223,-5.17595254720775,-1.53802339176556,-1.74332310162943,6.7147493078731,0.784095916037737,4.4484293084349,4.75069932438993,-2.76690127369237,2.19636060040864,-1.252265088184,2.33413982466876,5.86021939343221,-0.246743216694713,0.603836801640691,6.30524979737212,-0.881514967933005,-4.28577622325205,-1.98739985846436,-0.841851549545187,-2.44676231054609,2.43122265525717,1.33696940797186,1.83728295778567,-0.501271020609896,0.371614762922886,4.11016556056488,-2.73372198772794,2.61594475193251,-1.56996325336812,-0.631430617221998,-3.42743670600553,-4.26833267987963,0.849935740764515,1.29925925936897,-8.61705174942801,0.783560677083416,2.04521387354322,0.166841712826027,2.10927953597725,0.114974628258318,0.398744254268815,-1.12491481910535,-0.953199787391926,0.148773860493451,2.56816812736717,-0.157712319904238,-1.0275973509858,4.86416462663897e-15
"47","ACH-000910","48","Female","Breast Cancer","Metastasis","breast",2.07317313331043,-10.3908487839725,-3.07657550950449,-3.48369184634971,1.41408768808404,-1.37820728301636,3.27504827575245,0.45571777622482,6.58960601611795,0.666497460658522,5.77597290072789,4.0485542409668,-3.17094108945005,2.27699976145723,-2.86560740089902,-0.828743275604545,3.2760809652359,-3.35725544006596,1.1850187662219,3.35881555795239,-1.26753702528985,-3.12621988348679,5.41792521432664,1.06598082247812,4.58311372512977,1.21570982450542,-3.85816694272629,-4.59498578780046,-1.22743623147018,0.034820470020519,0.917375866970637,-5.84303886143244,2.90819242745038,-0.313716558098414,3.67257376138784,9.60668373223822,0.145928466807477,0.0982427280109381,-1.19323035235179,3.12474012952665,-1.59410621727867,2.54284256695284,1.54258232746952,1.17840240023663,2.87111207730355,-0.609798965678462,2.8875197068394,1.17894213482445,-1.45522915856838,1.0145479879844,-0.259337930865524,3.94689333616858,-2.36070770385413,2.24559528345179,-0.00147333837971747,3.88314812820674,1.86538458280305,-3.54425592624149,-0.108943069957735,0.0210718784695304,7.3899220076612e-15
"48","ACH-000927","60","Female","Breast Cancer","Primary","breast",3.87481675139249,-10.0660282994196,-2.03088001198624,-2.22595054619228,2.67928239523362,-1.67973886920674,3.50509451479307,3.87398942946865,-1.68799778963066,3.39415461943321,2.46571729533932,-2.93153842645626,-2.2925605037125,-2.21434517059636,-0.50977621593157,2.76006435724985,0.360203823172368,-4.99273754743094,3.25334259234146,1.52535726474438,7.73361863449333,-6.63146161671789,-0.718577141467445,2.20757012515625,-0.926152664774909,2.6798756473698,2.09452265526576,-0.168473244007888,1.32519852227136,2.04170672647937,-3.57113543038729,9.3626421989646,0.411909814225665,-1.00650611261788,-2.42700483224377,-1.66069441619138,-2.71206693325603,-0.789242031268642,3.09767371312365,-1.69051326864118,-1.12423491292842,4.45919108886052,2.27951009215402,8.39488847466075,-0.532938373004614,-2.44621173349711,2.03048362558673,-2.631074999191,-0.304427544668112,-0.434836031821769,-0.765356536228469,-1.0622531313122,-0.314181930444634,-3.29373517682491,-1.94444454889898,1.23720764933646,-0.146214341092363,-3.01487646066934,1.22138507396637,0.176490675377639,4.94049245958195e-15
"49","ACH-000930","70","Female","Breast Cancer","Primary","breast",8.17001598431019,5.10591766874587,-1.29389097648144,4.67281698478532,6.3163715536453,6.96228636605701,12.2938349509402,-4.27234398731687,1.44791808939599,2.55678623359247,-6.50458497914416,4.57525244877732,9.84564884642515,5.09769747393144,-0.745223875038226,-2.87186766376288,-3.64354320388001,-1.50202768587832,0.191779583957951,0.600152454557902,5.30193141269488,6.47945429842096,-5.95069369986277,1.48316400569959,-2.48332793965505,4.10292025279966,-8.50790568221354,-2.34870862299039,0.362407554223679,0.860520530981188,-4.14393059821956,0.16999776685546,-2.14182185955925,-1.78643057526109,3.4251214815029,-0.728503461442897,4.92626475865029,-5.00069429478034,-2.42483105543505,-0.440810827492074,-2.04931915411366,1.24310062482793,1.64129465012764,0.0706780069413955,-0.895641254287078,2.24050878883594,2.84347755485473,-0.0111445198671023,-1.457031113446,0.162937003793035,-0.481132683670757,-1.14186202788781,0.00908225105024196,-0.794232711137766,-0.776339054191396,0.557070391562523,0.791934840383006,0.672865545500673,-0.185898506090066,0.488875549417525,6.75848266240564e-15
"50","ACH-000934","40","Female","Breast Cancer","Metastasis","breast",14.3032881211388,-5.91040978644338,2.93275575909274,-1.46278359562121,-5.50890927534895,-2.7574147941311,-0.082998246144009,-3.15541552881767,-3.66018407030136,5.76646657175722,-3.58773240736029,-3.85627403260921,-1.47186189928522,2.24399329806713,-2.36258064575123,2.84566151994016,2.87324114281618,-4.54346080287844,-0.419796322367588,-1.7342538394504,4.0853428480043,-5.6362188414926,-2.10796615839367,-6.04400600165634,2.60263447076807,0.964288523937236,1.17101646683989,0.448906438613588,-1.11089251593952,2.87114951767612,-2.83219900110414,1.13737988238293,-3.91132375708711,0.179971132860027,0.289042324085841,3.18439124347173,0.103919128652797,4.83608930328176,-4.95486187501395,1.90358583635392,2.84218146281049,3.25180477958163,0.258854057688682,-2.20515558592347,1.12366807259697,3.95150435930372,3.51612770409901,0.357551045175214,-0.65194979562127,-6.05681659224222,-0.47908511196853,-2.15187193590484,0.981650743956168,4.85543931509368,1.84649501197899,-4.14351620124226,-0.6061065122077,1.85298010184964,-1.27136175887579,0.420594741237314,5.49560397189452e-15
"51","ACH-001388","57","Female","Breast Cancer","Primary","breast",-78.9779594033536,6.36859021094652,-1.50183121358048,9.32769051678252,-3.92003644889366,5.55408264236144,3.26722647539657,9.20133606708928,4.08278679439553,-2.63257877666099,0.238718883691565,-6.75462760493039,-2.70387279139116,3.03402234970786,2.04417297415883,5.53311738400506,-2.92254374510109,-1.74585811400272,7.76925631047303,0.280515970785656,2.53277665529021,3.3124790512188,2.03307704487879,-1.14736145091162,3.42933486667012,0.794730695994089,-0.773349927289175,-2.63178723202775,2.28220383555544,-2.04795573974252,0.0957526971025842,2.69483438334378,1.42350481282276,1.64283002856526,0.395654950581661,0.940579420993148,1.13411491098841,0.506136904014739,-1.42750559434102,-0.719561434210688,-0.63730994789297,-0.0621400313395152,-0.906499154701387,-2.49806519609604,0.140098229979969,0.0497697475912855,0.763757678986953,-0.61641556696413,0.0336111335084044,0.539943806561912,0.343633330365977,-0.646072640376941,1.47839507311186,1.99020832854785,-0.766738041032826,-2.14066325244764,-0.0544685636540277,-0.724201475811996,-0.212762902048389,-0.402491372458999,-2.70894418008538e-14
"52","ACH-001389",NA,"Female","Breast Cancer","Metastasis","breast",5.74121158181948,17.0328103065492,-11.8112553840228,-9.39015111357828,1.25893968380294,-2.52167946175619,-3.34944399687386,7.35747929169335,0.613327482888197,-2.5678414454854,-1.55493808384112,-0.1185771014906,-2.68793754861082,0.314181894913355,-1.88613407035592,-0.455925568870363,0.503341189426083,6.99545659875178,-1.30052947188796,-2.3824739979635,-0.568783324036592,-0.351046010478321,4.50347052877027,1.70301611142054,-1.81414842797543,-5.90279582931684,-6.62883519629807,1.93831785094795,5.59020629922667,3.66842617576204,-2.42620899277276,0.102676020214111,-3.82167773103989,3.20540050584565,-4.09449729570116,-0.232979981634186,-0.307424753001903,2.14825568577774,-2.92210931385801,4.91483144425253,-3.11399090564149,1.30924568475394,3.64687091158571,-0.617619905906673,-3.67615644914502,2.58892775428108,2.97237093659569,-2.61611031372661,-0.735189198600761,1.58015745205885,1.71732118878001,2.79945048466927,1.60520516387141,-2.30305274772475,0.3707104489764,-2.24419316418248,-0.408570062126181,-1.20309760962146,0.142962368504534,0.340015109313157,8.52096171399808e-15
"53","ACH-001390","40","Female","Breast Cancer","Primary","breast",-24.0523056784427,10.556433548075,-3.71530692688996,-2.5626950433239,7.00530079674859,-1.74604456662811,-6.97110853663755,-8.90413081141332,2.32058907579617,3.24990089922884,0.939082779197949,-2.04562204278835,5.66417773737275,-2.20130928199875,0.0652699604349055,-5.22201231513247,6.22612950326813,-0.840002112774507,-2.18846548867059,-1.27442974213377,4.26716634172858,-6.79401821454852,-2.71313761500519,5.96019971801354,-1.67897896593358,1.06691643984848,-1.79513278505853,-5.20002359346245,-0.469695017298883,-2.95515462306356,0.41974913072363,-1.17516710158356,0.129950713172353,-1.21479988915502,-4.55369076775481,1.10104071468077,4.05294180772866,4.00375018528898,3.61091014377916,2.1213974398854,1.1426294964245,-3.0446878800903,-0.229626878368592,-0.897820402485991,3.55242768677542,2.29246130861811,-2.79443510743686,-2.80969278623219,0.0761830306378625,2.10235948077283,3.15356163613137,-4.59440019361377,-0.613466758560388,0.0146496935776235,0.465459943686598,-1.28822188717576,0.424962725355142,-2.36587434394742,-0.637988583996534,-0.417840528264537,6.88338275267597e-15
"54","ACH-001391","71","Female","Breast Cancer","Primary","breast",-8.01059078508913,15.3353497444431,-5.08027135019259,-7.14755527662861,3.49069338318826,-3.76096300671631,-2.31959004254795,5.15806221678434,-0.707965834352893,-1.62831308263723,-6.44290533539393,-3.91293350001823,2.36083606702123,-3.12352809729894,-0.882020923188176,-3.30817144915597,4.92187799253644,-0.334666493302816,1.37849734971903,-5.02762038611768,0.0636363254404365,-3.07883908061752,-1.08029287711741,0.774003249091695,-3.29938287706678,4.38420664753125,1.68533830936356,1.65738551760625,-4.03997781371886,-0.985713825092216,3.96454239715784,-1.74896192397634,1.99337929436466,2.58226388583018,3.5884679488126,-0.317169447051371,-2.15111964819669,-0.247511988877531,-4.29179053698371,-7.17705575371683,2.78851127790805,-2.33414376929754,2.02104772180599,-3.20763627414091,0.106728392859268,-3.30705297408551,7.43422369964601,1.7408682869744,0.483021393938167,-1.7003134622461,1.44811195375733,0.121791751514053,-2.23600136839302,-3.04180763966557,-1.72771682572927,2.05385403535831,-0.630550404081869,-0.334122022236121,-0.297933484239092,0.518327015123792,3.10862446895044e-15
"55","ACH-001392",NA,"Female","Breast Cancer","Metastasis","breast",-33.1290458145929,-5.69474059306669,-4.16625649355217,-3.30486027601184,-0.459562203376861,2.53864054903516,0.756011004617996,-8.7274468561486,-8.82384522162243,-0.295550476739506,1.90095007491089,8.15585046388233,-5.16663798752373,1.3035775858035,-0.956079815708499,2.44643043769105,-3.08196599121057,1.30258276527249,-3.3383405673004,0.357875963509769,-5.03774313862405,-3.09417037064453,-5.14486723379794,-2.32275555049434,-2.31764930433892,-2.02549335132809,-5.23961475094407,-0.0972787708900732,0.842741120640217,3.67353056771375,6.26282472929255,1.53658712883414,-6.78026866708788,-1.85223838950568,-1.83039245315518,0.254365410458572,-4.897075994907,-3.23252035826074,-0.0284758852964216,-2.7006359908318,2.71810088030362,3.19238584563704,-1.22417177448867,-1.4625097946872,4.17904922863218,-2.50550726374045,1.48213206927574,-1.66183726084582,0.817129294164716,2.57392912048768,0.291916594686689,-0.214487326541426,-0.361696477994033,0.281954375269141,-1.14307194544172,-0.300029522583964,2.4579410198282,0.389227887555756,-0.237665672452405,0.30732878208546,4.66293670342566e-15
"56","ACH-001393",NA,"Female","Breast Cancer","Primary","breast",-17.257994095287,-3.53212954399635,-0.558925491326917,-7.34733177816074,12.0431687078701,-5.18598913635974,-1.56329346454115,9.34654073071476,-9.86254718202497,-0.440876576157424,0.163414763078545,0.897265684349943,2.8853848663611,-1.9453125253864,-8.04413363105164,-4.23726632012081,1.62276274365552,-0.468888446417728,-4.37927580154939,0.952787182133715,-2.90337653070332,9.72001333448634,4.82664834895169,-2.92132822222994,0.570440957802098,1.61423429656463,5.49587875104817,-1.61254461430811,-1.98800797560784,-0.642559750483641,-1.50689042783074,4.07971315082514,-3.25451152435542,-1.5967850024818,1.87531431715653,-1.78706737740019,1.57326732143357,0.889845801254522,1.46830358901434,5.62951035608331,0.289011420932187,2.23130174919216,-4.6617341719833,-0.450155685350614,1.21349746137433,1.96208742277536,1.28909059552584,1.15249731706677,1.18795742304928,-0.018012179415428,-0.725258952117566,-2.23815163972575,-2.45416139372466,-0.248328274953243,-0.877448478182262,1.65291637423423,1.75465425706702,-0.554896858755807,-0.564281506662021,-0.241508569999542,6.99440505513849e-15
"57","ACH-001394",NA,"Female","Breast Cancer","Metastasis","breast",-14.1356632584187,11.4741722305593,2.1462453653945,-0.125743234022196,2.91276201207529,-1.81261995713038,-7.2477419728014,3.48009191927113,1.17032436623471,-1.27404781074835,0.397487142302613,-1.70642820117797,3.40472533157947,-1.63429693289673,-3.81292057542317,-3.44418971770305,1.63023489619942,2.8672610387766,-0.476890055104614,-4.30352813428183,1.71521645820169,-2.51332716837238,-3.0980860042154,2.97834882031126,-1.94165313042913,1.97947516954113,-0.992026730625653,-3.66061605768941,1.96991704492328,0.229660470513118,-0.70937266664837,-0.354225359187529,-1.99996239656704,0.346057981065947,-2.00169241164836,4.36514311444478,-1.15725280112611,-3.78316000096611,2.54195153367218,0.287499964009421,0.585567908146892,1.34207417549835,-0.0797036276869424,1.40885194879701,-3.61490184221935,-3.06814831040118,-2.94986594568308,-0.250367088996226,2.6951899241664,-3.26398978154405,-8.72165702211669,3.53109478569474,0.352048964541716,3.98966286946778,1.22665809004836,1.58984531612343,0.270275831340555,4.98547802232599,1.12307880394562,-0.162205941358201,2.83106871279415e-15
"58","ACH-001395",NA,"Female","Breast Cancer","Metastasis","breast",-27.5527293692029,-7.41351683427828,-2.74152618644603,-6.20374154218083,1.75028601073691,-2.26646930606892,-4.04860194899095,-6.93612120701381,-9.7561685192617,4.80780443211741,2.69708556179269,2.6051090126468,0.864455517531745,1.44193422668701,-1.2947979540818,-0.83348020681631,-1.09434114112641,-1.47511525477904,2.87890228101207,0.323897311791673,3.17631560301891,1.92975710799747,2.33397507749774,1.59873584136991,-0.687509820758269,0.5205939598824,2.61224364410557,2.35411505547541,-0.211642696462847,6.46799852276474,-2.4648181250239,-5.0381298145904,0.814369021480716,0.018787514358502,2.16673573114905,-3.22446993191416,-0.0609190030129038,3.74462819268491,2.92607463672709,-2.39404180414763,-8.09350545878462,-3.62846760994549,3.98902150195189,0.245456727412688,0.405683492406385,-1.00734209329481,-1.43152866915282,2.35460107984223,-2.94965586827145,-2.37697409942248,2.10391674031485,2.5403736601132,1.98486504178613,2.18695895771824,-2.73050902999444,0.483932704510046,0.00937866325079006,2.84955935380537,0.969445767264656,0.477651568915043,4.32986979603811e-15
"59","ACH-001396",NA,"Female","Breast Cancer","Metastasis","breast",-19.0331749507485,-5.39421363568267,-4.20188372113204,-7.0459663569485,0.723270250016876,-1.75938532008271,-1.62606475728965,-5.93025659979277,-2.82414008983765,-5.74285326100606,2.83732763266836,8.90608393963522,4.3477334086134,0.785576837540751,-1.13581371682004,1.48353467761867,4.78820064138056,2.15567981261519,0.135078973819925,-4.60306066690113,-3.2936317955781,-2.33097442538802,-3.80386989754968,-3.64040712047957,4.56946687263521,-0.217711026950487,1.58193394418641,0.962134163327845,4.04426937768795,-4.1832898804488,0.915029384660956,1.99492813424473,6.43094275700203,3.48453580842461,5.0831285555177,-3.51332726323217,0.839688228357508,-4.67143751845912,-1.52350300991875,1.13158811081239,2.44550127087083,1.6280288998548,1.72331666484932,2.20619292438364,-2.31993601389502,3.77586213323591,-2.97726434105116,-0.819991430059028,-4.05090128589615,-3.09826705322376,-0.783720039032018,0.951053085471506,0.340531803020429,-0.410002169492029,1.02058238074837,-1.17831541455542,-3.00230791672618,-2.67617920849168,-0.0855743750013289,-0.00956867019376584,9.43689570931383e-16
"60","ACH-001419","47","Female","Breast Cancer","Primary","breast",-18.861853218747,-0.288600834210856,4.37590727237757,-3.47841219251449,2.22222989029847,-3.23370534241075,-0.593712779663253,-12.5716245621852,0.807637336926607,5.82802987470723,2.83061856465155,0.489761008701932,-0.412561386191641,1.46357402364759,-2.7720969343699,0.777824729626994,-5.54593587443422,2.30637611397361,1.1440674195628,1.1278600298506,-1.08507420972027,0.468167693924908,5.66874390606291,1.80877717528937,0.373111034543596,2.93686069130946,-1.87102179209943,4.95400203055856,-5.54041202599155,1.4419658992475,-2.17683166214377,1.20600028853158,5.03632281231641,-4.14858876837725,-5.02612921559958,0.651142333875451,0.0683655858661163,0.896562980907188,-2.4051482994971,-0.386634936384987,2.29410032232981,0.943357239873026,-1.25101286851013,-2.52229987502078,-4.87431780152575,1.2266443537771,1.85534031697595,3.75418834796625,2.91339179947609,2.11153368463198,-4.46205104057833,-0.213950323413445,1.92526449929793,-3.0098213696921,3.05692774121937,0.340072692486902,-2.96247705112384,-2.06554334046446,0.141246765686854,-0.584436029650789,5.44009282066327e-15
"61","ACH-001820","52","Female","Breast Cancer","Metastasis","breast",6.24457829697404,5.66791815409028,-10.0508369512175,0.280465812866193,21.2924325603725,4.38418437003755,-5.40348647558634,5.49789773580958,-4.51250747626071,2.84736673931699,-9.06393629465414,-0.0458879035355114,3.96243361191755,0.0587700416603487,5.38562646063913,8.48122138129462,-4.79465689362906,3.100468212478,0.400172351869973,4.23881824546739,1.11771678807905,-3.10787744160191,-0.517777675358027,-5.24905689149405,1.23399073195197,-2.87088329490298,2.08039401352858,4.27840806391169,0.136172304346771,-0.223746953586678,-1.7894312244246,-3.92061814457943,3.48552801237478,-2.2678185189695,-1.68971964406031,6.277452712356,-0.974848576504568,-1.87251749860284,0.535360674482764,-1.76947902796148,0.405686041439293,-0.597146723956302,-3.7274070378071,2.43360066814872,1.58395583654549,0.0979803536710318,-1.85455079382396,0.18714711837856,-2.27990609909789,0.568513574780689,0.699030314337949,-0.157424097520633,-0.341876284780102,0.0285056029445808,1.32401664290121,-0.423966271471509,-0.297536686342209,0.400658819054772,-0.0623583262208628,0.125048914667556,4.62477278695417e-15
